주유소명,전화번호,전기차 충전소
서울만남(부산)주유소,02-573-7430,O
죽전(서울)주유소,031-262-4602,O
기흥(부산)주유소,031-286-5185,O
매송(서울)주유소,031-295-1509,O
매송(목포)주유소,031-296-1509,O
용인(강릉)주유소,031-332-3221,O
용인(인천)주유소,031-339-2262,O
화성(목포)주유소,031-353-8015,O
화성(서울)주유소,031-353-8148,O
송산(시흥)주유소,031-357-8192,O
송산(평택)주유소,031-357-8194,O
오산(동탄)주유소,031-375-5157,O
오산(과천)주유소,031-378-5158,O
목감(서울)주유소,031-411-0592,X
의왕(일산)주유소,031-421-7344,X
시흥(일산)주유소,031-481-8147,O
시흥(판교)주유소,031-481-8149,O
별내(포천)주유소,031-523-3378,X
구리(일산)주유소,031-528-3002,O
구리남양주(일산)주유소,031-555-0740,X
가평(서울)주유소,031-584-5149,O
가평(춘천)주유소,031-584-5159,O
마장복합(하남)주유소,031-630-0051,O
마장복합(통영)주유소,031-630-0052,O
덕평(인천)주유소,031-635-8858,O
이천(통영)주유소,031-637-0401,O
이천(하남)주유소,031-638-2569,O
안성(부산)주유소,031-651-5385,O
안성(서울)주유소,031-664-4096,O
안성맞춤(평택)주유소,031-672-9622,O
안성맞춤(충주)주유소,031-674-8644,O
서울하이패스센터쉼터충전소,031-714-7255,X
하남만남(통영)주유소,031-793-5800,O
서하남(일산)주유소,031-795-5870,O
양주(판교)주유소,031-871-2996,X
여주(인천)주유소,031-881-3655,O
여주(강릉)주유소,031-881-6132,O
서여주(마산)주유소,031-884-9718,O
서여주(양평)주유소,031-885-9764,O
의정부(구리)주유소,031-928-4779,X
기념관(공항)주유소,032-563-4355,O
춘천(부산)주유소,033-264-0391,O
평창(서창)주유소,033-332-5189,O
평창(강릉)주유소,033-334-5102,O
횡성(인천)주유소,033-342-5880,O
횡성(강릉)주유소,033-342-7357,O
홍천강(춘천)주유소,033-435-6751,O
홍천(서울)주유소,033-436-7887,O
홍천(양양)주유소,033-436-7997,O
옥계(속초)주유소,033-534-2100,O
동해(동해)주유소,033-534-6648,O
구정(속초)주유소,033-644-4929,O
구정(동해)주유소,033-644-8456,O
강릉(서창)주유소,033-647-7112,O
강릉(강릉)주유소,033-648-9559,O
원주(부산)주유소,033-731-0736,O
원주(춘천)주유소,033-731-6425,O
문막(강릉)주유소,033-734-0764,O
문막(인천)주유소,033-734-0767,O
치악(춘천)주유소,033-762-0349,O
치악(부산)주유소,033-763-8603,O
내린천(서울)주유소,033-852-7110,O
내린천(양양)주유소,033-852-7220,O
예산(대전)주유소,041-334-0081,O
예산(당진)주유소,041-335-0052,O
행담도(시흥)주유소,041-357-8141,O
행담도(목포)주유소,041-357-8141,O
천안(부산)주유소,041-552-6367,O
천안(서울)주유소,041-555-3001,O
망향(부산)주유소,041-557-6161,O
입장(서울)주유소,041-588-2184,O
홍성(목포)주유소,041-642-1145,O
홍성(서울)주유소,041-642-1178,O
서산(서울)주유소,041-688-7717,O
서산(목포)주유소,041-688-8817,O
벌곡(천안)주유소,041-732-3991,O
벌곡(순천)주유소,041-733-7487,O
인삼랜드(통영)주유소,041-751-2895,O
인삼랜드(하남)주유소,041-754-5180,O
부여백제(공주)주유소,041-833-8300,O
부여백제(서천)주유소,041-834-4600,O
탄천(논산)주유소,041-854-3526,O
공주(당진)주유소,041-854-9504,O
공주(대전)주유소,041-854-9728,O
이인(천안)주유소,041-856-8741,O
정안(논산)주유소,041-858-0531,O
정안(천안)주유소,041-858-0565,O
대천(서울)주유소,041-931-5371,O
대천(목포)주유소,041-931-5871,O
서천(서울)주유소,041-952-9735,O
서천(목포)주유소,041-952-9738,O
신탄진(서울)주유소,042-934-2445,O
오창(통영)주유소,043-217-1443,O
오창(하남)주유소,043-217-6385,O
청주(서울)주유소,043-231-8833,O
죽암(서울)주유소,043-260-5341,O
옥산(부산)주유소,043-269-0843,O
죽암(부산)주유소,043-269-4434,O
단양(춘천)주유소,043-421-1676,O
단양(부산)주유소,043-423-5406,O
속리산(청원)주유소,043-544-6311,O
옥천(부산)주유소,043-731-8524,O
옥천만남의광장주유소,043-732-0081,O
금강(부산)주유소,043-733-0439,O
옥천(서울)주유소,043-733-9924,O
황간(서울)주유소,043-742-1266,O
황간(부산)주유소,043-742-5853,O
괴산(양평)주유소,043-832-6598,O
괴산(마산)주유소,043-832-7970,O
천등산(제천)주유소,043-844-2988,O
충주(양평)주유소,043-857-4884,O
충주(마산)주유소,043-857-7371,O
음성(하남)주유소,043-877-1086,O
음성(통영)주유소,043-878-5039,O
금왕(제천)주유소,043-881-8122,O
금왕(평택)주유소,043-882-8030,O
장안(부산)주유소,051-727-7300,O
장안(울산)주유소,051-728-5157,O
언양(서울)주유소,052-263-6146,O
울주(울산)주유소,052-977-2243,X
울주(함양)주유소,052-977-3243,X
현풍(현풍)주유소,053-614-2437,O
현풍(대구)주유소,053-614-2508,O
평사(부산)주유소,053-851-6110,O
경산(서울)주유소,053-851-7025,O
와촌(포항)주유소,053-853-1082,O
청통(대구)주유소,054-337-5074,O
영천(포항)주유소,054-338-9135,O
영천(대구)주유소,054-338-9301,O
청도(대구)주유소,054-371-5103,O
청도(부산)주유소,054-372-0070,O
군위(부산)주유소,054-383-6116,O
군위(춘천)주유소,054-383-6117,O
군위영천주유소,054-383-8448,X
삼국유사군위주유소,054-383-8778,X
추풍령(부산)주유소,054-430-0502,X
추풍령(서울)주유소,054-430-0503,X
김천(서울)주유소,054-431-4477,O
김천(부산)주유소,054-435-0266,O
낙동강구미주유소,054-475-7630,X
낙동강의성주유소,054-475-7632,X
선산(양평)주유소,054-482-6014,O
선산(마산)주유소,054-482-6034,O
화서(상주)주유소,054-531-1984,O
문경(양평)주유소,054-554-1614,O
문경(마산)주유소,054-554-1659,O
외동(포항)주유소,054-745-0024,O
외동(울산)주유소,054-745-0086,O
경주(부산)주유소,054-748-3427,O
건천(부산)주유소,054-751-6891,O
건천(서울)주유소,054-751-8256,O
안동(춘천)주유소,054-853-4062,O
안동(부산)주유소,054-853-9758,O
의성(영덕)주유소,054-862-9036,O
의성(청주)주유소,054-862-9254,O
청송(영덕)주유소,054-872-5911,X
청송(청주)주유소,054-872-9102,X
남성주(양평)주유소,054-931-5149,O
남성주(마산)주유소,054-932-0031,O
성주(창원)주유소,054-932-1200,O
성주(양평)주유소,054-933-0820,O
칠곡(부산)주유소,054-975-1734,O
칠곡(서울)주유소,054-975-2544,O
동명(부산)주유소,054-977-6934,O
동명(춘천)주유소,054-977-6941,O
김해(기장)주유소,055-312-2862,O
김해(창원)주유소,055-312-2864,O
장유(부산)주유소,055-313-2610,O
진영(순천)주유소,055-342-0878,O
진영(부산)주유소,055-343-5415,O
통도사(부산)주유소,055-372-6163,O
양산(서울)주유소,055-389-1750,O
영산(마산)주유소,055-521-3284,O
함안(순천)주유소,055-582-6321,X
함안(부산)주유소,055-583-9341,O
칠서(양평)주유소,055-587-1420,O
고성(통영)주유소,055-674-2062,O
고성(하남)주유소,055-674-8062,O
진주(부산)주유소,055-759-1028,O
문산(순천)주유소,055-762-2048,O
사천(부산)주유소,055-854-6732,O
사천(순천)주유소,055-854-8622,O
거창(고서)주유소,055-941-0861,O
거창(대구)주유소,055-941-0863,O
함양(통영)주유소,055-963-8762,O
함양(하남)주유소,055-964-1041,O
산청(하남)주유소,055-973-6138,O
산청(통영)주유소,055-973-8902,O
함평천지(서울)주유소,061-322-4409,O
함평천지(목포)주유소,061-324-4136,O
함평나비(광주)주유소,061-324-8838,O
함평나비(무안)주유소,061-324-8860,O
곡성(순천)주유소,061-362-5955,O
곡성(천안)주유소,061-362-7188,O
백양사(천안)주유소,061-393-0257,O
백양사(순천)주유소,061-394-9990,O
주암(천안)주유소,061-754-4454,O
주암(순천)주유소,061-754-4985,O
섬진강(부산)주유소,061-772-2106,O
섬진강(순천)주유소,061-772-4163,O
황전(전주)주유소,061-782-1701,O
황전(광양)주유소,061-782-1737,O
장흥정남진(영암)주유소,061-864-5008,X
장흥정남진(순천)주유소,061-864-5008,X
강천산(광주)주유소,063-000-0000,O
이서(순천)주유소,063-227-7100,O
이서(천안)주유소,063-236-4400,O
덕유산(하남)주유소,063-353-4206,O
덕유산(통영)주유소,063-353-5106,O
진안(익산)주유소,063-432-1383,O
진안(장수)주유소,063-432-6353,O
군산(서울)주유소,063-453-5163,O
군산(목포)주유소,063-453-5763,O
정읍(천안)주유소,063-533-0903,O
정읍(순천)주유소,063-533-0906,O
고창(서울)주유소,063-561-0963,O
고창(목포)주유소,063-561-6318,O
지리산(대구)주유소,063-636-2721,O
지리산(고서)주유소,063-636-2722,O
오수(전주)주유소,063-644-4800,O
오수(광양)주유소,063-644-7300,O
강천산(대구)주유소,063-653-3068,O
여산(순천)주유소,063-836-5246,O
여산(천안)주유소,063-836-5272,X
,,
,,
,,
,,
,,
,,
,,
,,
,,
,,
,,
,,
,,
평택(평택)주유소,070-4172-8085,O
평택(제천)주유소,070-4172-8087,O
논공(광주)주유소,070-4303-0610,O
논공(대구)주유소,070-4304-0630,O
보성녹차(목포)주유소,070-4325-8800,O
보성녹차(광양)주유소,070-4325-8805,O
,,
,,
,,
,,
천등산(평택)주유소,,O
성남(판교)주유소,,O
덕평(강릉)주유소,,O
